{"cameraMode":{"drawMode":0,"name":"Shaded","section":"Shading Mode"},"sceneLighting":true,"audioPlay":false,"sceneViewState":{"m_AlwaysRefresh":false,"showFog":true,"showSkybox":true,"showFlares":true,"showImageEffects":true,"showParticleSystems":true,"showVisualEffectGraphs":true,"m_FxEnabled":true},"in2DMode":false,"pivot":{"x":-26.087974548339845,"y":1.6298069953918458,"z":104.03398132324219},"rotation":{"x":-0.02125312201678753,"y":-0.07132694125175476,"z":0.001525896368548274,"w":-0.997243344783783},"size":52.405433654785159,"orthographic":false}